stockNumber,availability,shape,weight,color,clarity,cutGrade,polish,symmetry,fluorescenceIntensity,fluorescenceColor,measurements,BGM,eyeClean,lab,reportNumber,rapLabReportID,treatment,rapNetPrice,rapNetDiscountPercent,cashPrice,cashPriceDiscountPercent,buyNowPricePerCt,buyNowRapPercent,depthPercent,tablePercent,girdleThin,girdleThick,girdlePercent,girdleCondition,culetSize,culetCondition,crownHeight,crownAngle,pavilionDepth,pavilionAngle,laserInscription,certComment,keyToSymbols,memberComment,starLength,shade,whiteInclusion,blackInclusion,openInclusion,milky,fancyColor,fancyColorIntensity,fancyColorOvertone,country,state,city,brand,sellerSpec,sarineID,reportFileName,report2FileName,websiteLink,images,videos,documents,tradeShow,reportIssueDate,reportType,labLocation,pairStockNumber,isMatchedPairSeparable,allowRapLinkFeed,parcelStones,tracrID,roughSource,mine
8a25d520,In Stock,Oval,1.64,D,VVS2,EX,VG,VG,Faint,Blue,5.11 x 9.63 x 5.59,None,Yes,HRD,3774228145,108451,None,19323.03,-55.14,6796.98,-26.89,15956.38,-43.57,58.61,61.16,Medium,Thick,4.61,Faceted,None,Pointed,10.51,32.55,41.05,38.93,GIA483158,No Comments,"Feather, Crystal",Special Stone,56.45,None,No,No,No,Yes,Pink,Intense,Brownish,India,Gujarat,Antwerp,DiamondPro,None,b240d976,report1.pdf,report2.pdf,http://example.com/diamond,img1.jpg;img2.jpg,vid1.mp4;vid2.mp4,doc1.pdf,TradeShow2025,2025-01-15,Original,Mumbai,117f7d16,True,True,No,9aeabd22,Botswana,Jwaneng
da3cc40b,Out of Stock,Princess,0.56,G,VS2,EX,EX,EX,Faint,Yellow,8.41 x 6.21 x 4.64,Black,No,HRD,7151201245,772536,None,12322.76,-59.93,8962.18,-4.97,10270.31,-40.62,59.99,64.29,Thin,Thick,4.19,Faceted,None,Abraded,14.23,31.89,42.38,40.61,GIA824211,No Comments,"Feather, Crystal",Special Stone,58.36,Gray,No,No,Yes,Yes,Pink,Fancy,None,Belgium,Gujarat,Antwerp,CG,None,dad9a9cb,report1.pdf,report2.pdf,http://example.com/diamond,img1.jpg;img2.jpg,vid1.mp4;vid2.mp4,doc1.pdf,TradeShow2025,2025-01-15,Original,Mumbai,4f96d1ee,True,True,No,130e6a2a,Botswana,Jwaneng
948df951,Out of Stock,Oval,0.3,E,VS1,EX,EX,VG,Medium,Blue,9.95 x 8.98 x 2.43,Milky,Yes,HRD,1166729339,167585,HPHT,9933.25,-50.23,13354.42,-56.07,12205.93,-11.23,62.3,63.56,Medium,Thick,2.7,Faceted,None,Abraded,11.73,38.42,41.02,38.41,GIA771544,No Comments,"Feather, Crystal",Special Stone,46.35,Gray,No,No,Yes,No,Yellow,Intense,Brownish,India,New York,Surat,DiamondPro,None,e0bbef24,report1.pdf,report2.pdf,http://example.com/diamond,img1.jpg;img2.jpg,vid1.mp4;vid2.mp4,doc1.pdf,TradeShow2025,2025-01-15,Original,Mumbai,5a9d96ea,True,True,No,9d5aebac,Botswana,Jwaneng
7513fb87,Out of Stock,Emerald,4.8,E,IF,EX,VG,VG,Faint,Yellow,7.15 x 4.08 x 2.44,Milky,Yes,IGI,9970219122,589220,HPHT,1205.26,-34.59,8898.33,-26.99,12888.76,-49.29,56.83,61.25,Medium,Very Thick,2.7,Faceted,None,Abraded,12.61,34.41,42.75,41.72,GIA457928,No Comments,"Feather, Crystal",Special Stone,53.56,None,Yes,Yes,Yes,No,Pink,Faint,Brownish,USA,New York,Surat,DiamondPro,None,2103bb46,report1.pdf,report2.pdf,http://example.com/diamond,img1.jpg;img2.jpg,vid1.mp4;vid2.mp4,doc1.pdf,TradeShow2025,2025-01-15,Original,Mumbai,06a70f47,True,True,No,c6f308f4,Botswana,Jwaneng
2b502196,Out of Stock,Round,3.11,G,VS1,EX,EX,VG,None,None,9.91 x 6.58 x 3.32,Black,No,HRD,3733424623,791736,None,16826.38,-19.39,12843.79,-14.17,13172.96,-26.18,62.65,61.43,Thin,Thick,4.86,Faceted,Small,Abraded,13.79,36.49,43.89,41.85,GIA638265,No Comments,"Feather, Crystal",Special Stone,49.85,None,No,No,No,No,Pink,Fancy,None,Belgium,Antwerp,Antwerp,CG,None,ba672a86,report1.pdf,report2.pdf,http://example.com/diamond,img1.jpg;img2.jpg,vid1.mp4;vid2.mp4,doc1.pdf,TradeShow2025,2025-01-15,Original,Mumbai,9f880c5e,True,True,No,3c9b3a64,Botswana,Jwaneng
0ea21327,Out of Stock,Round,0.71,F,VS2,VG,EX,VG,Strong,Yellow,4.92 x 9.74 x 4.47,None,Yes,GIA,6642498039,200638,HPHT,9124.48,-36.82,2049.68,-29.77,6802.6,-20.78,58.1,63.59,Medium,Thick,2.34,Polished,Medium,Abraded,15.4,34.62,43.91,38.29,GIA898106,No Comments,"Feather, Crystal",Special Stone,49.26,None,Yes,No,Yes,No,Pink,Fancy,None,Belgium,Gujarat,NYC,ShineBright,None,8a4b68d3,report1.pdf,report2.pdf,http://example.com/diamond,img1.jpg;img2.jpg,vid1.mp4;vid2.mp4,doc1.pdf,TradeShow2025,2025-01-15,Original,Mumbai,dc91beda,True,True,No,106ff75a,Botswana,Jwaneng
6851e2d9,Out of Stock,Emerald,2.6,F,VVS2,G,VG,EX,Faint,None,4.57 x 6.41 x 2.22,None,Yes,GIA,5293915133,334103,None,1433.29,-27.68,3977.62,-23.31,16930.17,-6.88,57.0,61.69,Thin,Very Thick,4.55,Polished,Medium,Abraded,12.85,31.54,41.36,41.4,GIA958255,No Comments,"Feather, Crystal",Special Stone,50.54,Gray,Yes,No,No,No,None,Fancy,None,India,New York,NYC,ShineBright,None,33b6fa4a,report1.pdf,report2.pdf,http://example.com/diamond,img1.jpg;img2.jpg,vid1.mp4;vid2.mp4,doc1.pdf,TradeShow2025,2025-01-15,Original,Mumbai,5686ac06,True,True,No,cbf79670,Botswana,Jwaneng
1aef9d40,In Stock,Oval,4.64,D,VVS2,VG,EX,EX,Strong,None,7.44 x 7.38 x 2.29,Milky,Yes,HRD,3475419637,135607,Fracture Filled,18332.24,-41.31,2296.91,-59.03,12699.25,-5.52,64.67,55.25,Medium,Very Thick,3.82,Polished,Medium,Pointed,13.88,38.24,41.81,41.95,GIA338468,No Comments,"Feather, Crystal",Special Stone,51.44,Gray,Yes,No,Yes,No,Yellow,Fancy,Brownish,Belgium,Antwerp,Surat,ShineBright,None,fe840116,report1.pdf,report2.pdf,http://example.com/diamond,img1.jpg;img2.jpg,vid1.mp4;vid2.mp4,doc1.pdf,TradeShow2025,2025-01-15,Original,Mumbai,45942ccf,True,True,No,0a99c4af,Botswana,Jwaneng
16be8ec2,In Stock,Emerald,4.75,E,VS1,G,VG,EX,Medium,Yellow,6.93 x 5.94 x 3.98,Black,No,HRD,7084846758,825148,Fracture Filled,6416.92,-14.34,7042.87,-40.0,1338.59,-40.98,64.88,60.75,Medium,Thick,1.94,Polished,Small,Abraded,10.06,35.12,41.72,38.3,GIA133225,No Comments,"Feather, Crystal",Special Stone,48.85,Brown,Yes,No,No,Yes,Pink,Faint,Brownish,India,Antwerp,Antwerp,DiamondPro,None,d7eaef26,report1.pdf,report2.pdf,http://example.com/diamond,img1.jpg;img2.jpg,vid1.mp4;vid2.mp4,doc1.pdf,TradeShow2025,2025-01-15,Original,Mumbai,e69b526b,True,True,No,f668efe3,Botswana,Jwaneng
f1c2bd74,Out of Stock,Princess,3.09,F,IF,EX,VG,EX,Strong,None,8.93 x 7.42 x 5.79,None,Yes,HRD,3180050065,848883,Fracture Filled,15152.68,-56.05,8531.09,-39.37,4253.56,-0.75,59.16,64.73,Medium,Thick,2.99,Polished,None,Pointed,12.67,34.42,41.38,39.25,GIA930242,No Comments,"Feather, Crystal",Special Stone,54.54,None,Yes,Yes,Yes,Yes,None,Faint,None,Belgium,New York,Surat,CG,None,9de62a2c,report1.pdf,report2.pdf,http://example.com/diamond,img1.jpg;img2.jpg,vid1.mp4;vid2.mp4,doc1.pdf,TradeShow2025,2025-01-15,Original,Mumbai,f545b565,True,True,No,76ec85b4,Botswana,Jwaneng
da88dfcb,In Stock,Emerald,4.86,D,VVS2,G,VG,EX,Faint,Blue,8.39 x 8.75 x 3.25,Milky,Yes,IGI,2172380731,211944,Fracture Filled,19040.42,-15.08,1690.77,-57.78,14867.94,-0.64,58.66,59.85,Thin,Very Thick,1.36,Faceted,Small,Abraded,10.52,32.94,43.19,38.51,GIA169620,No Comments,"Feather, Crystal",Special Stone,59.16,Gray,Yes,No,Yes,No,None,Intense,Brownish,USA,Gujarat,Antwerp,DiamondPro,None,a3448d1a,report1.pdf,report2.pdf,http://example.com/diamond,img1.jpg;img2.jpg,vid1.mp4;vid2.mp4,doc1.pdf,TradeShow2025,2025-01-15,Original,Mumbai,da2a2a49,True,True,No,faaf0841,Botswana,Jwaneng
46267306,Out of Stock,Emerald,2.59,D,IF,EX,EX,VG,Strong,Yellow,8.84 x 7.43 x 2.89,None,Yes,HRD,8448179783,502051,HPHT,8675.63,-59.33,3880.97,-31.36,11962.18,-3.94,62.3,63.16,Medium,Thick,4.77,Polished,None,Abraded,14.5,32.65,41.58,41.44,GIA727680,No Comments,"Feather, Crystal",Special Stone,54.19,Gray,Yes,No,Yes,Yes,None,Fancy,Brownish,India,New York,Surat,DiamondPro,None,5448feed,report1.pdf,report2.pdf,http://example.com/diamond,img1.jpg;img2.jpg,vid1.mp4;vid2.mp4,doc1.pdf,TradeShow2025,2025-01-15,Original,Mumbai,feac9160,True,True,No,b55dadf4,Botswana,Jwaneng
838d8499,In Stock,Emerald,0.42,D,VS2,VG,VG,VG,None,None,6.29 x 8.7 x 2.89,None,Yes,HRD,9473495958,550082,Fracture Filled,11117.09,-21.75,13976.73,-6.25,13461.73,-21.78,63.77,60.07,Medium,Thick,3.34,Polished,Medium,Abraded,13.03,38.94,43.36,41.17,GIA923038,No Comments,"Feather, Crystal",Special Stone,55.72,Gray,Yes,Yes,No,No,Yellow,Fancy,Brownish,USA,Antwerp,Surat,DiamondPro,None,cd34fb02,report1.pdf,report2.pdf,http://example.com/diamond,img1.jpg;img2.jpg,vid1.mp4;vid2.mp4,doc1.pdf,TradeShow2025,2025-01-15,Original,Mumbai,29114d10,True,True,No,479d57bf,Botswana,Jwaneng
9415db74,Out of Stock,Oval,4.19,E,VVS1,G,VG,EX,None,None,5.11 x 5.33 x 3.58,Black,No,IGI,1551928420,209980,HPHT,6548.98,-15.95,7917.3,-6.2,16140.93,-33.27,61.39,57.08,Medium,Thick,2.07,Polished,Small,Pointed,13.3,37.6,43.84,41.61,GIA981274,No Comments,"Feather, Crystal",Special Stone,49.35,Brown,No,Yes,Yes,No,Yellow,Intense,None,USA,New York,Surat,CG,None,f44bd0f8,report1.pdf,report2.pdf,http://example.com/diamond,img1.jpg;img2.jpg,vid1.mp4;vid2.mp4,doc1.pdf,TradeShow2025,2025-01-15,Original,Mumbai,1d0a8361,True,True,No,3ccc4887,Botswana,Jwaneng
fcba8b79,In Stock,Emerald,3.27,G,VS1,EX,VG,EX,Strong,Yellow,5.03 x 4.61 x 4.88,Black,Yes,GIA,5922048502,166539,None,15139.7,-2.67,14226.89,-63.17,6919.25,-44.75,59.91,57.46,Thin,Thick,3.08,Polished,None,Abraded,14.72,30.96,42.34,39.88,GIA137821,No Comments,"Feather, Crystal",Special Stone,52.77,None,Yes,No,No,Yes,Pink,Faint,Brownish,USA,Gujarat,Surat,CG,None,c330b176,report1.pdf,report2.pdf,http://example.com/diamond,img1.jpg;img2.jpg,vid1.mp4;vid2.mp4,doc1.pdf,TradeShow2025,2025-01-15,Original,Mumbai,98230c1d,True,True,No,8637e91e,Botswana,Jwaneng
7e1f11cf,In Stock,Oval,3.26,D,VVS1,G,VG,VG,Strong,Blue,7.08 x 4.77 x 4.21,Black,Yes,IGI,5570481832,186292,Fracture Filled,18095.46,-33.45,14658.51,-34.82,17400.42,-7.42,58.89,56.42,Medium,Very Thick,2.84,Polished,None,Pointed,10.99,31.52,41.8,40.22,GIA523399,No Comments,"Feather, Crystal",Special Stone,47.51,None,Yes,Yes,No,No,None,Fancy,Brownish,Belgium,Gujarat,NYC,CG,None,6a373bfe,report1.pdf,report2.pdf,http://example.com/diamond,img1.jpg;img2.jpg,vid1.mp4;vid2.mp4,doc1.pdf,TradeShow2025,2025-01-15,Original,Mumbai,68dc6e54,True,True,No,e7fe0118,Botswana,Jwaneng
fec61f08,In Stock,Emerald,1.65,F,VS1,G,EX,EX,None,None,5.45 x 4.72 x 2.31,None,Yes,IGI,4503586347,377126,Fracture Filled,18453.33,-7.74,7946.03,-20.25,9505.8,-34.36,60.76,62.75,Medium,Very Thick,1.88,Faceted,Medium,Pointed,12.45,36.65,42.9,39.87,GIA380829,No Comments,"Feather, Crystal",Special Stone,58.05,None,No,Yes,No,Yes,Pink,Fancy,None,Belgium,Gujarat,NYC,CG,None,e6971311,report1.pdf,report2.pdf,http://example.com/diamond,img1.jpg;img2.jpg,vid1.mp4;vid2.mp4,doc1.pdf,TradeShow2025,2025-01-15,Original,Mumbai,889dda58,True,True,No,8f8c1c50,Botswana,Jwaneng
2810931b,In Stock,Round,2.13,G,VVS2,G,EX,EX,None,Yellow,5.87 x 7.21 x 5.96,Black,No,HRD,4790804035,770987,None,2662.28,-10.37,3003.61,-50.68,4828.29,-41.72,58.34,59.37,Medium,Very Thick,1.86,Faceted,Small,Abraded,12.09,30.97,40.75,39.54,GIA430021,No Comments,"Feather, Crystal",Special Stone,45.52,None,Yes,No,No,Yes,Pink,Faint,Brownish,Belgium,Antwerp,Surat,CG,None,1d5ecd77,report1.pdf,report2.pdf,http://example.com/diamond,img1.jpg;img2.jpg,vid1.mp4;vid2.mp4,doc1.pdf,TradeShow2025,2025-01-15,Original,Mumbai,2f352a2b,True,True,No,ec4487d8,Botswana,Jwaneng
d45e3637,Out of Stock,Oval,3.73,F,IF,G,EX,VG,Faint,Blue,4.47 x 5.27 x 4.4,None,Yes,GIA,9326288851,646325,HPHT,9390.07,-3.26,12698.21,-17.02,12754.8,-37.88,64.43,56.85,Medium,Thick,1.93,Polished,Small,Abraded,13.73,36.78,41.73,40.79,GIA246858,No Comments,"Feather, Crystal",Special Stone,54.8,None,Yes,No,No,Yes,Pink,Intense,Brownish,Belgium,Antwerp,NYC,CG,None,a3c9e97e,report1.pdf,report2.pdf,http://example.com/diamond,img1.jpg;img2.jpg,vid1.mp4;vid2.mp4,doc1.pdf,TradeShow2025,2025-01-15,Original,Mumbai,8ec94dcf,True,True,No,eb4f0bef,Botswana,Jwaneng
82ec2fa8,Out of Stock,Emerald,0.74,E,VVS1,G,VG,VG,Faint,None,4.23 x 4.48 x 5.9,Milky,No,HRD,2004250319,712302,HPHT,13774.16,-24.85,7007.91,-42.36,12835.96,-21.7,64.81,60.47,Thin,Thick,1.67,Faceted,None,Abraded,14.86,33.71,40.69,39.14,GIA632907,No Comments,"Feather, Crystal",Special Stone,58.15,None,No,No,Yes,Yes,None,Fancy,None,India,Antwerp,NYC,DiamondPro,None,54fd3604,report1.pdf,report2.pdf,http://example.com/diamond,img1.jpg;img2.jpg,vid1.mp4;vid2.mp4,doc1.pdf,TradeShow2025,2025-01-15,Original,Mumbai,231f65e5,True,True,No,fafcee1e,Botswana,Jwaneng
e52049b4,In Stock,Round,3.51,E,VS2,G,VG,VG,Strong,None,4.75 x 4.5 x 2.08,None,Yes,GIA,9585647730,347086,None,17792.11,-19.67,10703.94,-55.3,4362.68,-47.4,58.69,64.44,Thin,Very Thick,4.75,Polished,Medium,Pointed,12.19,37.3,42.55,40.67,GIA666765,No Comments,"Feather, Crystal",Special Stone,53.62,Gray,No,No,Yes,Yes,None,Fancy,Brownish,India,New York,Antwerp,CG,None,08c454c3,report1.pdf,report2.pdf,http://example.com/diamond,img1.jpg;img2.jpg,vid1.mp4;vid2.mp4,doc1.pdf,TradeShow2025,2025-01-15,Original,Mumbai,7fe087f1,True,True,No,7e125546,Botswana,Jwaneng
62660e85,In Stock,Princess,1.81,D,IF,EX,EX,VG,Medium,Yellow,4.65 x 8.64 x 4.27,Black,Yes,IGI,6221418502,907671,Fracture Filled,17288.09,-40.11,820.71,-6.32,8284.32,-46.72,60.55,56.58,Thin,Very Thick,2.58,Polished,Medium,Pointed,14.91,39.45,42.12,41.36,GIA915686,No Comments,"Feather, Crystal",Special Stone,56.22,Gray,No,Yes,Yes,Yes,None,Fancy,Brownish,India,New York,NYC,DiamondPro,None,00b2045c,report1.pdf,report2.pdf,http://example.com/diamond,img1.jpg;img2.jpg,vid1.mp4;vid2.mp4,doc1.pdf,TradeShow2025,2025-01-15,Original,Mumbai,cbcb7498,True,True,No,9b7d40e2,Botswana,Jwaneng
8cbe28e9,Out of Stock,Oval,4.03,G,VVS1,EX,EX,EX,Medium,None,4.99 x 6.08 x 5.8,Milky,No,GIA,6231504142,877467,None,10243.26,-5.65,1386.53,-32.29,2938.18,-17.34,63.11,57.99,Medium,Very Thick,3.9,Faceted,None,Pointed,13.33,31.57,42.72,39.86,GIA782923,No Comments,"Feather, Crystal",Special Stone,47.09,None,No,No,No,No,None,Intense,None,USA,Gujarat,Surat,DiamondPro,None,b9e230a7,report1.pdf,report2.pdf,http://example.com/diamond,img1.jpg;img2.jpg,vid1.mp4;vid2.mp4,doc1.pdf,TradeShow2025,2025-01-15,Original,Mumbai,81644147,True,True,No,33d53260,Botswana,Jwaneng
1ef4a26b,Out of Stock,Emerald,4.03,F,VS1,EX,VG,VG,Medium,None,4.63 x 8.05 x 4.46,Black,No,HRD,1829307510,613909,Fracture Filled,11904.39,-44.07,6452.18,-12.11,2922.28,-34.89,64.13,60.04,Medium,Thick,4.9,Polished,Medium,Pointed,11.53,38.91,40.03,39.08,GIA827095,No Comments,"Feather, Crystal",Special Stone,53.73,None,No,No,No,Yes,None,Intense,None,Belgium,Gujarat,Antwerp,DiamondPro,None,3e95b725,report1.pdf,report2.pdf,http://example.com/diamond,img1.jpg;img2.jpg,vid1.mp4;vid2.mp4,doc1.pdf,TradeShow2025,2025-01-15,Original,Mumbai,9b9d8954,True,True,No,7f6b6c8a,Botswana,Jwaneng
2e8ea601,In Stock,Princess,0.42,D,VS1,VG,VG,VG,Faint,Blue,5.82 x 4.32 x 2.95,Black,Yes,IGI,4098507146,805687,HPHT,11200.73,-27.27,13218.4,-62.53,1700.49,-19.92,64.8,62.4,Thin,Very Thick,3.88,Faceted,None,Abraded,12.19,32.52,41.28,41.69,GIA846853,No Comments,"Feather, Crystal",Special Stone,57.86,Gray,No,No,Yes,No,None,Faint,Brownish,India,Antwerp,Antwerp,CG,None,787c1845,report1.pdf,report2.pdf,http://example.com/diamond,img1.jpg;img2.jpg,vid1.mp4;vid2.mp4,doc1.pdf,TradeShow2025,2025-01-15,Original,Mumbai,e4a8a523,True,True,No,b7ab929a,Botswana,Jwaneng
1a5708f6,In Stock,Princess,3.8,E,VS1,EX,VG,EX,Strong,Yellow,6.31 x 5.79 x 4.34,Black,No,GIA,2961051040,436860,None,3790.34,-53.03,8828.33,-29.06,5019.69,-5.17,56.62,64.67,Medium,Thick,1.93,Polished,Medium,Pointed,10.22,32.64,41.07,40.58,GIA479068,No Comments,"Feather, Crystal",Special Stone,52.82,Brown,No,No,No,No,Pink,Faint,Brownish,Belgium,New York,Surat,DiamondPro,None,04297937,report1.pdf,report2.pdf,http://example.com/diamond,img1.jpg;img2.jpg,vid1.mp4;vid2.mp4,doc1.pdf,TradeShow2025,2025-01-15,Original,Mumbai,23358f9d,True,True,No,e791cb95,Botswana,Jwaneng
55244518,Out of Stock,Round,2.08,G,VVS2,G,EX,VG,None,Yellow,6.9 x 4.82 x 2.38,Milky,No,HRD,6303918541,145039,HPHT,17255.94,-43.85,656.09,-57.45,13204.1,-49.18,60.51,64.81,Medium,Thick,2.25,Faceted,None,Abraded,12.95,38.23,40.75,41.14,GIA845398,No Comments,"Feather, Crystal",Special Stone,58.6,Brown,Yes,No,No,Yes,Yellow,Fancy,Brownish,Belgium,Gujarat,NYC,DiamondPro,None,2f600b0b,report1.pdf,report2.pdf,http://example.com/diamond,img1.jpg;img2.jpg,vid1.mp4;vid2.mp4,doc1.pdf,TradeShow2025,2025-01-15,Original,Mumbai,871e38bf,True,True,No,b7ee4f86,Botswana,Jwaneng
6669f4d6,Out of Stock,Emerald,2.07,E,VVS1,G,VG,VG,Strong,Blue,5.9 x 9.38 x 3.85,None,Yes,HRD,2278103717,611340,None,1514.62,-31.5,3153.08,-29.97,800.12,-47.75,60.73,63.83,Thin,Thick,1.04,Polished,Small,Pointed,10.67,30.64,43.11,41.44,GIA236484,No Comments,"Feather, Crystal",Special Stone,48.09,Brown,Yes,No,No,No,Yellow,Faint,None,Belgium,New York,NYC,DiamondPro,None,616abb0e,report1.pdf,report2.pdf,http://example.com/diamond,img1.jpg;img2.jpg,vid1.mp4;vid2.mp4,doc1.pdf,TradeShow2025,2025-01-15,Original,Mumbai,657e34b8,True,True,No,6136b320,Botswana,Jwaneng
af8ffc09,In Stock,Princess,3.19,D,IF,EX,EX,VG,Strong,Yellow,5.01 x 5.93 x 3.75,None,Yes,IGI,8819783429,142406,None,14834.84,-9.66,11394.08,-21.8,3093.36,-14.51,56.58,59.95,Medium,Very Thick,1.87,Faceted,None,Pointed,15.8,34.27,40.33,41.1,GIA232901,No Comments,"Feather, Crystal",Special Stone,50.71,Gray,Yes,No,No,No,Yellow,Intense,None,Belgium,New York,NYC,ShineBright,None,8142fd5c,report1.pdf,report2.pdf,http://example.com/diamond,img1.jpg;img2.jpg,vid1.mp4;vid2.mp4,doc1.pdf,TradeShow2025,2025-01-15,Original,Mumbai,c725758c,True,True,No,a607aed3,Botswana,Jwaneng
4d139a77,Out of Stock,Princess,3.79,D,VVS1,G,VG,EX,None,None,5.73 x 9.59 x 4.97,None,No,HRD,4854907810,176776,HPHT,14008.75,-36.67,2346.01,-46.08,17326.35,-41.22,55.07,59.19,Thin,Very Thick,1.73,Polished,None,Pointed,14.17,37.65,42.01,40.25,GIA151330,No Comments,"Feather, Crystal",Special Stone,47.94,None,No,No,Yes,No,Yellow,Faint,Brownish,USA,Antwerp,Surat,CG,None,2e9304d3,report1.pdf,report2.pdf,http://example.com/diamond,img1.jpg;img2.jpg,vid1.mp4;vid2.mp4,doc1.pdf,TradeShow2025,2025-01-15,Original,Mumbai,c20db0da,True,True,No,7f43bee7,Botswana,Jwaneng
5b3e0991,Out of Stock,Oval,2.96,D,IF,G,VG,EX,Strong,Yellow,9.8 x 8.93 x 5.79,None,No,GIA,4899521495,740908,HPHT,4318.86,-31.48,1781.76,-28.69,17043.1,-32.33,56.1,59.57,Medium,Thick,1.02,Faceted,Small,Abraded,10.06,36.3,42.32,40.46,GIA213500,No Comments,"Feather, Crystal",Special Stone,58.25,Gray,Yes,Yes,Yes,No,Yellow,Intense,None,USA,Antwerp,Surat,CG,None,cb287e7c,report1.pdf,report2.pdf,http://example.com/diamond,img1.jpg;img2.jpg,vid1.mp4;vid2.mp4,doc1.pdf,TradeShow2025,2025-01-15,Original,Mumbai,91e6864b,True,True,No,8ee31d43,Botswana,Jwaneng
73e8cf7d,In Stock,Emerald,2.79,G,VS1,EX,VG,EX,None,Yellow,5.38 x 7.91 x 3.83,None,No,HRD,6216385559,716471,HPHT,8456.59,-58.0,2624.35,-1.8,10770.4,-42.0,64.54,62.58,Thin,Very Thick,2.07,Polished,None,Pointed,13.62,31.83,42.45,40.53,GIA974553,No Comments,"Feather, Crystal",Special Stone,58.27,Brown,No,No,No,Yes,Yellow,Faint,None,USA,Antwerp,NYC,DiamondPro,None,cfa776e5,report1.pdf,report2.pdf,http://example.com/diamond,img1.jpg;img2.jpg,vid1.mp4;vid2.mp4,doc1.pdf,TradeShow2025,2025-01-15,Original,Mumbai,e314b17a,True,True,No,9f9f4034,Botswana,Jwaneng
4b91af2e,In Stock,Round,3.59,F,VS2,G,EX,VG,Strong,None,7.48 x 9.73 x 2.98,Milky,No,HRD,7682206878,742054,None,19410.98,-13.26,3002.37,-8.24,5308.81,-3.12,58.63,56.72,Thin,Thick,3.16,Faceted,Medium,Abraded,12.05,33.99,40.25,39.2,GIA735784,No Comments,"Feather, Crystal",Special Stone,46.79,Brown,Yes,Yes,Yes,Yes,None,Intense,None,India,Antwerp,Surat,CG,None,027089ea,report1.pdf,report2.pdf,http://example.com/diamond,img1.jpg;img2.jpg,vid1.mp4;vid2.mp4,doc1.pdf,TradeShow2025,2025-01-15,Original,Mumbai,b3f90b26,True,True,No,8b3fbb55,Botswana,Jwaneng
3c70df74,Out of Stock,Oval,0.8,F,VVS2,EX,VG,EX,None,Yellow,8.0 x 7.92 x 4.14,Black,No,GIA,4274011350,166305,None,12628.63,-46.61,9930.96,-41.17,11321.86,-46.77,59.95,60.03,Thin,Very Thick,1.43,Polished,Medium,Pointed,15.55,32.4,43.06,40.81,GIA571414,No Comments,"Feather, Crystal",Special Stone,48.73,None,No,No,Yes,No,Yellow,Fancy,Brownish,USA,Antwerp,NYC,ShineBright,None,1a7f14c2,report1.pdf,report2.pdf,http://example.com/diamond,img1.jpg;img2.jpg,vid1.mp4;vid2.mp4,doc1.pdf,TradeShow2025,2025-01-15,Original,Mumbai,43b0137b,True,True,No,3d9100b3,Botswana,Jwaneng
3722c66f,Out of Stock,Princess,2.25,F,VVS2,VG,EX,VG,None,None,9.93 x 7.11 x 3.66,Black,No,IGI,6702212688,977755,Fracture Filled,16055.54,-23.11,8323.79,-30.6,5476.34,-3.29,58.99,62.32,Medium,Very Thick,2.18,Polished,Medium,Abraded,12.78,32.96,42.71,38.15,GIA817487,No Comments,"Feather, Crystal",Special Stone,52.28,Brown,No,No,No,Yes,Yellow,Fancy,None,Belgium,New York,Antwerp,CG,None,62b7b538,report1.pdf,report2.pdf,http://example.com/diamond,img1.jpg;img2.jpg,vid1.mp4;vid2.mp4,doc1.pdf,TradeShow2025,2025-01-15,Original,Mumbai,54b731b8,True,True,No,1d558724,Botswana,Jwaneng
97dbbf35,Out of Stock,Round,1.21,E,VS2,G,EX,VG,Medium,Blue,4.19 x 7.49 x 5.74,Black,Yes,HRD,3935092053,769734,None,8837.52,-5.16,7694.62,-48.91,6527.98,-8.33,59.44,56.1,Medium,Very Thick,3.47,Polished,Medium,Abraded,12.21,36.31,43.18,40.6,GIA935765,No Comments,"Feather, Crystal",Special Stone,56.16,None,Yes,No,No,Yes,Pink,Faint,Brownish,USA,New York,NYC,DiamondPro,None,00310a01,report1.pdf,report2.pdf,http://example.com/diamond,img1.jpg;img2.jpg,vid1.mp4;vid2.mp4,doc1.pdf,TradeShow2025,2025-01-15,Original,Mumbai,4bea845e,True,True,No,f628fe6e,Botswana,Jwaneng
03aef9fe,In Stock,Emerald,1.3,G,VS2,VG,VG,EX,Faint,Blue,5.28 x 9.93 x 2.37,Black,Yes,IGI,5759517672,375627,HPHT,2973.43,-20.5,12520.31,-46.52,10996.33,-46.84,56.61,59.23,Medium,Very Thick,1.41,Faceted,None,Pointed,10.41,34.47,42.04,41.72,GIA586787,No Comments,"Feather, Crystal",Special Stone,47.07,None,No,No,Yes,Yes,None,Faint,None,Belgium,New York,Surat,ShineBright,None,2920376a,report1.pdf,report2.pdf,http://example.com/diamond,img1.jpg;img2.jpg,vid1.mp4;vid2.mp4,doc1.pdf,TradeShow2025,2025-01-15,Original,Mumbai,d7716aa3,True,True,No,518664fa,Botswana,Jwaneng
386902f2,In Stock,Oval,1.04,D,VVS1,EX,VG,VG,None,None,6.68 x 9.19 x 5.19,Milky,Yes,GIA,9500592491,270577,None,14469.39,-31.32,13467.95,-28.89,10836.97,-13.93,63.88,61.47,Thin,Thick,3.94,Polished,None,Abraded,11.54,36.94,43.0,39.14,GIA655894,No Comments,"Feather, Crystal",Special Stone,48.25,Brown,Yes,No,Yes,No,Pink,Intense,Brownish,India,Gujarat,NYC,ShineBright,None,b25f070b,report1.pdf,report2.pdf,http://example.com/diamond,img1.jpg;img2.jpg,vid1.mp4;vid2.mp4,doc1.pdf,TradeShow2025,2025-01-15,Original,Mumbai,55013610,True,True,No,15da8813,Botswana,Jwaneng
dad69533,In Stock,Round,4.2,E,VVS1,G,EX,VG,Faint,Blue,7.6 x 9.23 x 2.82,None,Yes,IGI,5832523685,234515,HPHT,18341.79,-16.62,12161.7,-24.64,10658.57,-46.71,61.65,56.42,Medium,Thick,2.18,Polished,None,Pointed,13.45,36.52,43.3,40.31,GIA582630,No Comments,"Feather, Crystal",Special Stone,53.59,None,No,Yes,No,Yes,None,Intense,None,Belgium,New York,Surat,DiamondPro,None,1c30c1f5,report1.pdf,report2.pdf,http://example.com/diamond,img1.jpg;img2.jpg,vid1.mp4;vid2.mp4,doc1.pdf,TradeShow2025,2025-01-15,Original,Mumbai,301629d3,True,True,No,98203a9d,Botswana,Jwaneng
0b93b10e,In Stock,Oval,0.37,E,VS2,G,EX,VG,Medium,Blue,4.08 x 5.43 x 4.08,Milky,No,IGI,6517815548,682513,None,12075.32,-29.81,4342.02,-24.95,3302.68,-32.79,56.76,56.53,Thin,Thick,3.25,Polished,Small,Abraded,11.01,37.68,41.91,38.73,GIA641983,No Comments,"Feather, Crystal",Special Stone,54.81,Brown,No,Yes,No,Yes,Pink,Intense,None,India,Antwerp,Surat,CG,None,95782399,report1.pdf,report2.pdf,http://example.com/diamond,img1.jpg;img2.jpg,vid1.mp4;vid2.mp4,doc1.pdf,TradeShow2025,2025-01-15,Original,Mumbai,051d864e,True,True,No,8bc6ec87,Botswana,Jwaneng
5e8ef035,In Stock,Round,3.83,G,VVS2,G,VG,EX,Medium,Yellow,7.89 x 7.99 x 2.25,Black,Yes,IGI,9251059257,706927,Fracture Filled,13997.32,-18.32,3689.88,-10.13,9917.68,-46.11,63.39,62.85,Thin,Thick,2.06,Polished,Medium,Pointed,14.02,33.12,43.84,41.92,GIA793767,No Comments,"Feather, Crystal",Special Stone,46.75,Brown,No,No,No,Yes,Yellow,Fancy,Brownish,Belgium,Gujarat,Antwerp,ShineBright,None,aa30e6c8,report1.pdf,report2.pdf,http://example.com/diamond,img1.jpg;img2.jpg,vid1.mp4;vid2.mp4,doc1.pdf,TradeShow2025,2025-01-15,Original,Mumbai,b87da916,True,True,No,58b870f2,Botswana,Jwaneng
2e888244,Out of Stock,Emerald,0.7,F,IF,G,EX,EX,Faint,Yellow,4.43 x 7.3 x 2.48,Black,Yes,GIA,4833351319,420758,HPHT,6048.67,-42.82,9942.87,-24.19,3278.58,-29.83,58.02,55.69,Medium,Very Thick,4.31,Faceted,None,Pointed,12.56,31.9,40.15,41.34,GIA308051,No Comments,"Feather, Crystal",Special Stone,49.43,Brown,No,Yes,Yes,No,Pink,Intense,None,Belgium,New York,Surat,DiamondPro,None,4c30496d,report1.pdf,report2.pdf,http://example.com/diamond,img1.jpg;img2.jpg,vid1.mp4;vid2.mp4,doc1.pdf,TradeShow2025,2025-01-15,Original,Mumbai,39811c5d,True,True,No,9852cc5b,Botswana,Jwaneng
df766044,In Stock,Emerald,1.14,F,VVS1,EX,VG,EX,Faint,Blue,4.24 x 5.13 x 3.26,None,Yes,HRD,2955533096,499423,None,9364.12,-8.35,10154.93,-3.78,12951.94,-24.99,58.12,60.36,Thin,Thick,1.42,Faceted,Small,Abraded,13.37,35.8,40.89,40.16,GIA339619,No Comments,"Feather, Crystal",Special Stone,49.48,None,No,Yes,No,Yes,Pink,Faint,None,USA,Gujarat,Surat,ShineBright,None,d596de64,report1.pdf,report2.pdf,http://example.com/diamond,img1.jpg;img2.jpg,vid1.mp4;vid2.mp4,doc1.pdf,TradeShow2025,2025-01-15,Original,Mumbai,454e9ed0,True,True,No,a6212853,Botswana,Jwaneng
106933a1,Out of Stock,Princess,4.07,F,IF,G,VG,VG,Medium,Blue,8.71 x 9.57 x 4.87,None,No,IGI,2792039485,749295,None,13196.82,-40.92,2613.17,-56.57,13104.99,-28.19,58.5,62.48,Medium,Thick,1.94,Faceted,Medium,Abraded,14.37,30.32,41.34,38.89,GIA749443,No Comments,"Feather, Crystal",Special Stone,45.49,Brown,No,Yes,Yes,Yes,Yellow,Faint,Brownish,USA,Antwerp,Surat,CG,None,65904f96,report1.pdf,report2.pdf,http://example.com/diamond,img1.jpg;img2.jpg,vid1.mp4;vid2.mp4,doc1.pdf,TradeShow2025,2025-01-15,Original,Mumbai,d2748e26,True,True,No,2782b350,Botswana,Jwaneng
a6a3e7fe,In Stock,Princess,3.08,F,VVS1,G,EX,VG,None,None,5.68 x 5.94 x 3.4,Milky,No,HRD,1830791799,454661,HPHT,12921.27,-14.37,8875.29,-15.7,16963.27,-45.55,62.37,60.24,Thin,Thick,3.9,Polished,Medium,Pointed,14.83,35.94,42.54,38.62,GIA226206,No Comments,"Feather, Crystal",Special Stone,46.34,None,No,Yes,Yes,No,None,Fancy,Brownish,USA,Gujarat,Surat,ShineBright,None,01defdfa,report1.pdf,report2.pdf,http://example.com/diamond,img1.jpg;img2.jpg,vid1.mp4;vid2.mp4,doc1.pdf,TradeShow2025,2025-01-15,Original,Mumbai,d40904de,True,True,No,951a1f31,Botswana,Jwaneng
dce79a14,Out of Stock,Emerald,2.86,D,IF,VG,EX,VG,Faint,None,7.33 x 9.08 x 5.44,Milky,No,GIA,5965779525,102115,Fracture Filled,1336.09,-43.46,6156.08,-19.02,823.18,-27.85,55.56,58.65,Thin,Very Thick,2.33,Faceted,Medium,Pointed,11.31,38.39,43.77,38.67,GIA292330,No Comments,"Feather, Crystal",Special Stone,59.65,Gray,No,No,Yes,Yes,None,Faint,Brownish,India,Gujarat,NYC,ShineBright,None,ec679a05,report1.pdf,report2.pdf,http://example.com/diamond,img1.jpg;img2.jpg,vid1.mp4;vid2.mp4,doc1.pdf,TradeShow2025,2025-01-15,Original,Mumbai,e7074159,True,True,No,c5e808f7,Botswana,Jwaneng
daf20ca7,In Stock,Princess,0.81,E,IF,EX,EX,EX,Strong,None,6.69 x 6.6 x 3.11,Black,Yes,IGI,4856065781,147047,HPHT,4966.25,-53.66,6199.96,-28.42,8620.33,-18.57,62.52,61.2,Medium,Very Thick,4.33,Polished,None,Abraded,12.38,33.31,41.86,40.19,GIA440967,No Comments,"Feather, Crystal",Special Stone,47.99,None,Yes,No,Yes,Yes,None,Fancy,Brownish,Belgium,Antwerp,Antwerp,DiamondPro,None,b17f621b,report1.pdf,report2.pdf,http://example.com/diamond,img1.jpg;img2.jpg,vid1.mp4;vid2.mp4,doc1.pdf,TradeShow2025,2025-01-15,Original,Mumbai,3d7fdcc0,True,True,No,4117b642,Botswana,Jwaneng
3aef1e12,In Stock,Round,4.78,E,VVS2,G,EX,EX,Medium,Blue,5.01 x 6.42 x 2.14,None,Yes,GIA,1169098078,159795,Fracture Filled,9253.11,-1.36,1851.79,-27.37,4586.44,-10.98,64.0,56.64,Medium,Thick,3.75,Polished,None,Abraded,12.39,31.46,42.18,40.51,GIA538878,No Comments,"Feather, Crystal",Special Stone,48.05,Gray,Yes,Yes,No,Yes,None,Faint,None,India,Gujarat,Surat,DiamondPro,None,1d35ecb4,report1.pdf,report2.pdf,http://example.com/diamond,img1.jpg;img2.jpg,vid1.mp4;vid2.mp4,doc1.pdf,TradeShow2025,2025-01-15,Original,Mumbai,2cc81294,True,True,No,be0a3c6f,Botswana,Jwaneng
3008c7ff,In Stock,Emerald,3.22,F,VVS1,VG,VG,EX,None,None,6.74 x 6.07 x 5.41,Black,Yes,GIA,2642111485,630783,HPHT,6305.32,-50.22,13486.66,-9.19,16109.49,-31.44,63.39,61.52,Thin,Very Thick,2.21,Faceted,None,Pointed,11.85,39.5,41.43,41.39,GIA844653,No Comments,"Feather, Crystal",Special Stone,46.95,Gray,No,No,No,No,Pink,Faint,None,USA,Gujarat,Surat,CG,None,73193e15,report1.pdf,report2.pdf,http://example.com/diamond,img1.jpg;img2.jpg,vid1.mp4;vid2.mp4,doc1.pdf,TradeShow2025,2025-01-15,Original,Mumbai,c681ca95,True,True,No,cd5a7ca0,Botswana,Jwaneng
6b44ba0f,Out of Stock,Emerald,1.49,D,VVS2,G,VG,EX,Medium,Yellow,8.68 x 4.56 x 5.75,Milky,Yes,GIA,8022185661,715634,HPHT,16055.88,-9.29,3511.83,-40.66,13395.44,-18.07,64.78,62.61,Thin,Thick,4.91,Polished,Medium,Pointed,10.25,38.78,42.52,39.65,GIA512959,No Comments,"Feather, Crystal",Special Stone,45.08,Gray,Yes,Yes,No,Yes,None,Faint,None,Belgium,Antwerp,Surat,CG,None,c7ab3f47,report1.pdf,report2.pdf,http://example.com/diamond,img1.jpg;img2.jpg,vid1.mp4;vid2.mp4,doc1.pdf,TradeShow2025,2025-01-15,Original,Mumbai,e40935f9,True,True,No,ce414c7b,Botswana,Jwaneng
bfbcf95a,Out of Stock,Emerald,2.13,G,VVS2,G,VG,EX,Strong,Yellow,6.62 x 8.08 x 5.88,Black,No,IGI,2135859456,729123,Fracture Filled,8800.35,-49.79,3056.12,-38.13,6515.2,-42.44,58.79,58.37,Medium,Very Thick,4.9,Polished,Medium,Abraded,10.17,32.47,43.7,40.08,GIA293921,No Comments,"Feather, Crystal",Special Stone,52.57,Gray,Yes,Yes,Yes,No,Pink,Fancy,None,India,Gujarat,NYC,CG,None,b02d1d74,report1.pdf,report2.pdf,http://example.com/diamond,img1.jpg;img2.jpg,vid1.mp4;vid2.mp4,doc1.pdf,TradeShow2025,2025-01-15,Original,Mumbai,767e1ac5,True,True,No,6f0f406c,Botswana,Jwaneng
54cc0a0a,In Stock,Princess,3.08,F,VVS1,EX,VG,VG,Medium,Blue,5.96 x 9.64 x 5.55,Black,Yes,HRD,7289170471,740228,Fracture Filled,13419.67,-40.39,4705.63,-47.67,16032.94,-43.12,61.28,61.78,Thin,Thick,3.97,Faceted,Medium,Pointed,13.33,31.69,41.42,39.94,GIA287848,No Comments,"Feather, Crystal",Special Stone,49.91,Brown,No,Yes,No,No,None,Intense,Brownish,Belgium,Gujarat,Antwerp,CG,None,8f0f4f3f,report1.pdf,report2.pdf,http://example.com/diamond,img1.jpg;img2.jpg,vid1.mp4;vid2.mp4,doc1.pdf,TradeShow2025,2025-01-15,Original,Mumbai,977a0f13,True,True,No,2b35aab8,Botswana,Jwaneng
4e1320e6,In Stock,Princess,3.38,E,VVS2,G,EX,EX,Strong,None,7.94 x 6.53 x 5.44,Black,Yes,IGI,1775685231,722565,Fracture Filled,3829.31,-18.47,5802.7,-55.16,5430.88,-45.88,61.95,61.4,Thin,Very Thick,3.09,Polished,Small,Abraded,14.08,37.51,43.1,38.11,GIA775094,No Comments,"Feather, Crystal",Special Stone,58.8,None,Yes,Yes,No,Yes,None,Fancy,None,India,New York,Antwerp,CG,None,76e57030,report1.pdf,report2.pdf,http://example.com/diamond,img1.jpg;img2.jpg,vid1.mp4;vid2.mp4,doc1.pdf,TradeShow2025,2025-01-15,Original,Mumbai,5c475a8f,True,True,No,cfceb108,Botswana,Jwaneng
d07833bc,Out of Stock,Emerald,3.65,G,VVS1,EX,VG,VG,Strong,Blue,9.94 x 5.29 x 4.61,Black,Yes,HRD,1795177640,287517,Fracture Filled,18983.24,-57.13,2710.59,-21.31,1933.93,-38.86,60.44,64.57,Medium,Thick,4.9,Faceted,Medium,Pointed,14.69,39.36,41.38,40.26,GIA975633,No Comments,"Feather, Crystal",Special Stone,56.29,None,Yes,No,Yes,No,Pink,Faint,Brownish,Belgium,New York,NYC,CG,None,84b7dbdb,report1.pdf,report2.pdf,http://example.com/diamond,img1.jpg;img2.jpg,vid1.mp4;vid2.mp4,doc1.pdf,TradeShow2025,2025-01-15,Original,Mumbai,9ae1a77f,True,True,No,27e0ec77,Botswana,Jwaneng
310f0abb,In Stock,Oval,4.65,F,IF,EX,VG,EX,Faint,Blue,5.28 x 6.73 x 3.45,None,Yes,IGI,6810403278,195792,None,4525.69,-29.48,7251.16,-45.42,15914.24,-42.11,55.01,56.61,Thin,Very Thick,3.32,Faceted,None,Abraded,15.78,37.23,41.35,39.12,GIA791332,No Comments,"Feather, Crystal",Special Stone,48.83,None,No,No,Yes,Yes,Pink,Faint,Brownish,Belgium,Gujarat,Antwerp,ShineBright,None,e48f0e47,report1.pdf,report2.pdf,http://example.com/diamond,img1.jpg;img2.jpg,vid1.mp4;vid2.mp4,doc1.pdf,TradeShow2025,2025-01-15,Original,Mumbai,336ce933,True,True,No,1a03afa8,Botswana,Jwaneng
eec97f4a,In Stock,Oval,1.76,D,VVS1,EX,VG,EX,Faint,Blue,4.16 x 4.82 x 5.51,Milky,Yes,IGI,9137409921,865471,Fracture Filled,17093.56,-30.05,14946.38,-53.69,5870.23,-42.63,58.28,55.11,Medium,Thick,4.7,Faceted,Small,Pointed,14.55,33.16,41.41,41.97,GIA531156,No Comments,"Feather, Crystal",Special Stone,53.91,Gray,No,No,No,No,None,Intense,Brownish,India,New York,Antwerp,ShineBright,None,a7d88817,report1.pdf,report2.pdf,http://example.com/diamond,img1.jpg;img2.jpg,vid1.mp4;vid2.mp4,doc1.pdf,TradeShow2025,2025-01-15,Original,Mumbai,bfbda250,True,True,No,d31a0c4e,Botswana,Jwaneng
235d5d61,Out of Stock,Round,1.54,E,IF,EX,VG,VG,Strong,Blue,5.82 x 4.37 x 3.33,Milky,No,GIA,3620138720,361778,HPHT,11021.06,-40.31,7311.14,-42.82,17177.39,-22.51,64.95,63.39,Medium,Very Thick,2.71,Polished,None,Pointed,15.07,30.77,43.01,40.63,GIA371862,No Comments,"Feather, Crystal",Special Stone,58.38,None,Yes,Yes,Yes,Yes,Pink,Faint,Brownish,India,Gujarat,Surat,ShineBright,None,de821b41,report1.pdf,report2.pdf,http://example.com/diamond,img1.jpg;img2.jpg,vid1.mp4;vid2.mp4,doc1.pdf,TradeShow2025,2025-01-15,Original,Mumbai,2a89913f,True,True,No,1e217b83,Botswana,Jwaneng
a17e5589,In Stock,Emerald,3.18,F,VVS1,G,EX,VG,None,None,7.67 x 4.27 x 5.37,Black,No,GIA,3382574015,819462,HPHT,17569.56,-12.14,7647.81,-57.28,9248.19,-8.47,59.76,64.08,Thin,Very Thick,1.42,Faceted,None,Pointed,14.33,34.01,42.43,38.07,GIA896495,No Comments,"Feather, Crystal",Special Stone,58.16,Gray,Yes,No,No,No,Pink,Intense,Brownish,Belgium,Antwerp,NYC,ShineBright,None,0db9956f,report1.pdf,report2.pdf,http://example.com/diamond,img1.jpg;img2.jpg,vid1.mp4;vid2.mp4,doc1.pdf,TradeShow2025,2025-01-15,Original,Mumbai,0c41d055,True,True,No,5f7f114c,Botswana,Jwaneng
d4c78c4e,Out of Stock,Princess,3.73,E,VS1,EX,EX,EX,Medium,Blue,6.65 x 7.97 x 4.7,Milky,Yes,IGI,6381707144,851255,HPHT,5988.34,-37.93,14634.37,-61.73,12857.14,-3.84,61.73,61.54,Medium,Thick,1.44,Faceted,None,Pointed,14.73,31.7,42.54,38.41,GIA394828,No Comments,"Feather, Crystal",Special Stone,54.11,None,Yes,No,Yes,No,Yellow,Faint,Brownish,USA,Gujarat,Surat,CG,None,d0e30f29,report1.pdf,report2.pdf,http://example.com/diamond,img1.jpg;img2.jpg,vid1.mp4;vid2.mp4,doc1.pdf,TradeShow2025,2025-01-15,Original,Mumbai,4d26fd71,True,True,No,81fc0353,Botswana,Jwaneng
a913a0be,Out of Stock,Emerald,3.84,G,VVS2,EX,EX,EX,Faint,Blue,6.21 x 5.99 x 2.92,Black,No,HRD,5349058351,207224,Fracture Filled,17748.57,-21.72,9847.35,-3.86,13897.96,-30.09,56.59,63.87,Thin,Very Thick,1.34,Faceted,Medium,Pointed,13.35,38.57,41.41,40.31,GIA459348,No Comments,"Feather, Crystal",Special Stone,49.06,Gray,Yes,Yes,No,No,Pink,Faint,None,USA,Gujarat,Antwerp,DiamondPro,None,91f83e71,report1.pdf,report2.pdf,http://example.com/diamond,img1.jpg;img2.jpg,vid1.mp4;vid2.mp4,doc1.pdf,TradeShow2025,2025-01-15,Original,Mumbai,c104605b,True,True,No,4866c025,Botswana,Jwaneng
3e54f8af,Out of Stock,Round,2.06,G,IF,EX,VG,VG,None,None,8.73 x 5.55 x 3.95,Black,No,GIA,9311485657,535995,HPHT,13180.85,-17.99,13116.03,-38.85,12772.42,-34.97,55.66,57.95,Thin,Thick,4.76,Faceted,None,Abraded,13.3,34.49,41.3,41.69,GIA746834,No Comments,"Feather, Crystal",Special Stone,48.18,Gray,No,No,Yes,No,Yellow,Intense,None,India,Antwerp,Antwerp,ShineBright,None,20217ab8,report1.pdf,report2.pdf,http://example.com/diamond,img1.jpg;img2.jpg,vid1.mp4;vid2.mp4,doc1.pdf,TradeShow2025,2025-01-15,Original,Mumbai,33110e6b,True,True,No,979bd118,Botswana,Jwaneng
3a8d0410,Out of Stock,Round,4.7,D,VS1,G,EX,VG,Medium,Yellow,8.46 x 8.65 x 4.69,None,No,IGI,4654122159,975010,HPHT,1545.24,-43.58,5500.77,-41.31,2003.51,-30.72,60.41,62.17,Medium,Very Thick,1.81,Faceted,Medium,Abraded,10.32,34.37,43.37,38.45,GIA155064,No Comments,"Feather, Crystal",Special Stone,56.73,None,Yes,No,Yes,No,Pink,Faint,Brownish,Belgium,New York,Surat,DiamondPro,None,d7b4bcd2,report1.pdf,report2.pdf,http://example.com/diamond,img1.jpg;img2.jpg,vid1.mp4;vid2.mp4,doc1.pdf,TradeShow2025,2025-01-15,Original,Mumbai,f358ffc6,True,True,No,3eb6d58c,Botswana,Jwaneng
4f7f06aa,Out of Stock,Oval,1.6,D,VS2,VG,EX,VG,Medium,Blue,4.68 x 7.8 x 3.2,None,No,HRD,2170771899,376916,HPHT,15716.64,-23.66,7542.35,-30.18,5304.12,-34.16,63.12,61.83,Medium,Very Thick,4.37,Polished,None,Pointed,13.64,36.99,41.57,41.78,GIA255686,No Comments,"Feather, Crystal",Special Stone,56.12,Brown,Yes,Yes,Yes,Yes,None,Intense,None,USA,New York,Surat,CG,None,48035d24,report1.pdf,report2.pdf,http://example.com/diamond,img1.jpg;img2.jpg,vid1.mp4;vid2.mp4,doc1.pdf,TradeShow2025,2025-01-15,Original,Mumbai,3fe3eab3,True,True,No,e593e15b,Botswana,Jwaneng
f6fdea8a,In Stock,Emerald,3.5,E,VVS2,G,VG,EX,Faint,None,4.23 x 4.31 x 2.83,Milky,Yes,IGI,1496269043,936505,HPHT,14547.55,-26.03,12538.82,-27.54,3941.06,-11.15,55.9,63.86,Thin,Very Thick,1.41,Polished,None,Abraded,14.27,34.23,42.45,41.54,GIA523529,No Comments,"Feather, Crystal",Special Stone,56.76,Brown,No,Yes,No,Yes,Pink,Fancy,Brownish,India,New York,Antwerp,ShineBright,None,42edcbba,report1.pdf,report2.pdf,http://example.com/diamond,img1.jpg;img2.jpg,vid1.mp4;vid2.mp4,doc1.pdf,TradeShow2025,2025-01-15,Original,Mumbai,5a4651e8,True,True,No,60b0c252,Botswana,Jwaneng
66cb61ef,In Stock,Princess,4.95,E,VS2,VG,EX,VG,Medium,None,8.19 x 4.61 x 2.91,Black,Yes,GIA,3658033655,824499,HPHT,17450.97,-35.72,6750.86,-43.65,16006.47,-46.69,62.69,59.63,Thin,Very Thick,1.31,Polished,None,Pointed,10.22,37.56,42.42,41.12,GIA534712,No Comments,"Feather, Crystal",Special Stone,48.82,Brown,No,No,Yes,No,Yellow,Fancy,None,India,New York,Surat,CG,None,d8dd6ee0,report1.pdf,report2.pdf,http://example.com/diamond,img1.jpg;img2.jpg,vid1.mp4;vid2.mp4,doc1.pdf,TradeShow2025,2025-01-15,Original,Mumbai,40092ef8,True,True,No,b5050ff9,Botswana,Jwaneng
05378262,In Stock,Emerald,1.01,D,VVS1,G,EX,EX,Strong,None,4.76 x 9.25 x 2.11,Black,Yes,GIA,3964806876,443007,None,5375.78,-32.16,12491.08,-62.08,15609.56,-34.18,61.49,56.61,Thin,Thick,4.25,Polished,Small,Abraded,15.8,38.02,40.77,40.36,GIA506153,No Comments,"Feather, Crystal",Special Stone,54.27,Brown,Yes,No,Yes,Yes,Yellow,Faint,None,USA,New York,Antwerp,ShineBright,None,875ba65d,report1.pdf,report2.pdf,http://example.com/diamond,img1.jpg;img2.jpg,vid1.mp4;vid2.mp4,doc1.pdf,TradeShow2025,2025-01-15,Original,Mumbai,54078cb3,True,True,No,e9682b70,Botswana,Jwaneng
73e0f1f9,Out of Stock,Emerald,1.41,D,IF,G,VG,VG,None,Yellow,8.62 x 7.67 x 2.74,Milky,Yes,GIA,5654346320,226664,Fracture Filled,14724.0,-48.58,1563.1,-6.78,9669.12,-40.51,58.51,64.52,Thin,Very Thick,2.16,Faceted,None,Abraded,14.08,35.76,41.05,38.48,GIA844365,No Comments,"Feather, Crystal",Special Stone,47.61,Brown,No,No,Yes,Yes,Pink,Fancy,None,USA,Gujarat,NYC,ShineBright,None,18f30016,report1.pdf,report2.pdf,http://example.com/diamond,img1.jpg;img2.jpg,vid1.mp4;vid2.mp4,doc1.pdf,TradeShow2025,2025-01-15,Original,Mumbai,ba765718,True,True,No,27226ec9,Botswana,Jwaneng
6f47946e,Out of Stock,Princess,3.17,G,VS1,G,VG,VG,None,Yellow,9.36 x 6.69 x 3.44,Milky,No,IGI,4367093894,157030,Fracture Filled,10034.57,-34.67,7858.71,-61.63,9851.28,-21.15,56.2,55.5,Medium,Very Thick,2.22,Faceted,Medium,Abraded,12.13,39.75,40.4,38.82,GIA759267,No Comments,"Feather, Crystal",Special Stone,54.85,Gray,No,No,No,No,Pink,Fancy,None,USA,Gujarat,NYC,ShineBright,None,96f71cfe,report1.pdf,report2.pdf,http://example.com/diamond,img1.jpg;img2.jpg,vid1.mp4;vid2.mp4,doc1.pdf,TradeShow2025,2025-01-15,Original,Mumbai,6a6b0975,True,True,No,aab952d6,Botswana,Jwaneng
203d8fd6,In Stock,Princess,3.74,D,VVS1,EX,VG,VG,Faint,Blue,9.78 x 7.9 x 3.67,Milky,No,IGI,5882534747,310775,Fracture Filled,15693.82,-18.06,1861.06,-46.02,9650.46,-26.54,57.85,64.06,Thin,Thick,1.3,Faceted,None,Abraded,15.76,34.24,41.24,40.8,GIA196687,No Comments,"Feather, Crystal",Special Stone,55.28,Brown,Yes,Yes,Yes,Yes,Yellow,Faint,Brownish,USA,New York,Antwerp,DiamondPro,None,1ed234c8,report1.pdf,report2.pdf,http://example.com/diamond,img1.jpg;img2.jpg,vid1.mp4;vid2.mp4,doc1.pdf,TradeShow2025,2025-01-15,Original,Mumbai,7e12465c,True,True,No,5c62fa23,Botswana,Jwaneng
7ab58c9d,Out of Stock,Round,0.68,D,VVS2,EX,VG,VG,Medium,None,5.46 x 8.7 x 3.75,Milky,No,HRD,2284112522,669915,Fracture Filled,16265.99,-58.67,649.68,-23.22,17835.06,-1.19,61.11,62.54,Medium,Very Thick,1.08,Faceted,None,Pointed,12.79,32.57,43.34,41.9,GIA166418,No Comments,"Feather, Crystal",Special Stone,48.24,None,Yes,Yes,Yes,No,Pink,Faint,Brownish,India,Gujarat,Surat,DiamondPro,None,77b6dcde,report1.pdf,report2.pdf,http://example.com/diamond,img1.jpg;img2.jpg,vid1.mp4;vid2.mp4,doc1.pdf,TradeShow2025,2025-01-15,Original,Mumbai,9681cfb2,True,True,No,fbfb8b55,Botswana,Jwaneng
16349582,In Stock,Emerald,1.56,D,VVS1,G,VG,VG,Medium,Blue,9.82 x 6.98 x 2.34,None,No,HRD,8699289816,514595,Fracture Filled,1967.86,-26.21,768.56,-30.9,7701.28,-16.43,61.15,61.13,Medium,Very Thick,1.54,Polished,None,Abraded,14.77,31.06,43.36,41.12,GIA280595,No Comments,"Feather, Crystal",Special Stone,53.77,Brown,Yes,Yes,Yes,Yes,Yellow,Faint,Brownish,USA,New York,Antwerp,CG,None,e6990da5,report1.pdf,report2.pdf,http://example.com/diamond,img1.jpg;img2.jpg,vid1.mp4;vid2.mp4,doc1.pdf,TradeShow2025,2025-01-15,Original,Mumbai,71e90be1,True,True,No,165f54dd,Botswana,Jwaneng
b57b41d7,Out of Stock,Round,1.28,G,VVS2,EX,VG,EX,None,Yellow,9.05 x 6.34 x 2.52,Black,No,GIA,2011080854,168379,HPHT,3329.23,-26.99,5806.62,-4.42,4026.55,-25.25,60.14,59.85,Thin,Thick,2.58,Faceted,Medium,Abraded,10.32,36.04,43.93,41.55,GIA952892,No Comments,"Feather, Crystal",Special Stone,57.2,Brown,Yes,Yes,Yes,No,Pink,Intense,Brownish,Belgium,Gujarat,Antwerp,DiamondPro,None,c5eda7ad,report1.pdf,report2.pdf,http://example.com/diamond,img1.jpg;img2.jpg,vid1.mp4;vid2.mp4,doc1.pdf,TradeShow2025,2025-01-15,Original,Mumbai,5e111d6e,True,True,No,d5e6e991,Botswana,Jwaneng
99502b27,Out of Stock,Round,0.55,F,VVS2,VG,VG,EX,None,Blue,6.52 x 9.67 x 4.33,Black,No,IGI,8527927223,701463,None,18421.73,-8.36,1470.61,-9.8,7725.21,-35.06,57.65,64.18,Medium,Very Thick,4.85,Faceted,Medium,Abraded,15.48,34.29,43.48,41.21,GIA970163,No Comments,"Feather, Crystal",Special Stone,45.66,Brown,Yes,Yes,Yes,Yes,None,Faint,None,Belgium,New York,NYC,DiamondPro,None,39aa0ba4,report1.pdf,report2.pdf,http://example.com/diamond,img1.jpg;img2.jpg,vid1.mp4;vid2.mp4,doc1.pdf,TradeShow2025,2025-01-15,Original,Mumbai,60bda97b,True,True,No,f9580fcc,Botswana,Jwaneng
6aef3580,In Stock,Round,0.68,E,IF,EX,VG,EX,Faint,None,4.56 x 4.87 x 3.09,Black,Yes,HRD,6567654254,283545,None,4878.0,-37.51,14026.67,-6.09,3775.74,-28.83,63.39,55.24,Thin,Very Thick,1.99,Faceted,None,Pointed,10.23,30.95,41.59,41.77,GIA725622,No Comments,"Feather, Crystal",Special Stone,49.07,Brown,Yes,No,Yes,No,None,Intense,Brownish,Belgium,Antwerp,Antwerp,CG,None,d12cd343,report1.pdf,report2.pdf,http://example.com/diamond,img1.jpg;img2.jpg,vid1.mp4;vid2.mp4,doc1.pdf,TradeShow2025,2025-01-15,Original,Mumbai,6cdf7ce9,True,True,No,c3beb868,Botswana,Jwaneng
f20d9f67,In Stock,Emerald,2.44,G,VVS2,EX,EX,EX,None,None,8.72 x 8.46 x 2.54,None,Yes,IGI,5341847050,704746,None,4533.65,-46.44,6200.19,-42.5,4555.88,-33.76,60.49,56.38,Thin,Thick,3.1,Polished,Medium,Pointed,12.7,30.56,41.72,38.82,GIA481564,No Comments,"Feather, Crystal",Special Stone,47.6,None,No,Yes,Yes,No,Yellow,Intense,Brownish,USA,New York,Surat,ShineBright,None,8cdcc225,report1.pdf,report2.pdf,http://example.com/diamond,img1.jpg;img2.jpg,vid1.mp4;vid2.mp4,doc1.pdf,TradeShow2025,2025-01-15,Original,Mumbai,9eff6f09,True,True,No,63f2fa21,Botswana,Jwaneng
dc7ac766,In Stock,Round,2.65,D,VVS1,G,VG,EX,None,Blue,8.78 x 4.93 x 2.37,Milky,Yes,HRD,4650424552,196005,None,3569.61,-26.84,11959.89,-22.85,8048.77,-25.11,64.43,56.07,Medium,Very Thick,2.24,Polished,Medium,Pointed,11.28,38.5,42.28,41.22,GIA916491,No Comments,"Feather, Crystal",Special Stone,50.13,Gray,Yes,No,No,No,None,Faint,Brownish,USA,New York,NYC,ShineBright,None,d2483e26,report1.pdf,report2.pdf,http://example.com/diamond,img1.jpg;img2.jpg,vid1.mp4;vid2.mp4,doc1.pdf,TradeShow2025,2025-01-15,Original,Mumbai,56faa183,True,True,No,8d700832,Botswana,Jwaneng
1bae5d9c,Out of Stock,Emerald,4.42,F,VVS2,G,EX,EX,None,None,9.02 x 4.57 x 2.51,Black,Yes,GIA,6239868761,505472,HPHT,15479.96,-59.81,13568.63,-36.12,11990.11,-41.71,60.52,55.41,Thin,Very Thick,3.92,Faceted,None,Pointed,10.68,32.67,42.32,40.02,GIA545381,No Comments,"Feather, Crystal",Special Stone,57.69,Gray,No,No,No,No,None,Fancy,Brownish,Belgium,Gujarat,Surat,ShineBright,None,c6bc09a7,report1.pdf,report2.pdf,http://example.com/diamond,img1.jpg;img2.jpg,vid1.mp4;vid2.mp4,doc1.pdf,TradeShow2025,2025-01-15,Original,Mumbai,881be686,True,True,No,12b2838b,Botswana,Jwaneng
179dbfbf,Out of Stock,Emerald,2.59,G,VS1,EX,VG,EX,None,Yellow,7.7 x 5.61 x 3.32,Milky,No,HRD,1448582377,748979,None,17983.68,-24.03,4168.75,-28.05,9315.14,-46.22,61.17,58.67,Thin,Thick,4.97,Polished,None,Pointed,11.87,30.92,42.08,40.6,GIA460223,No Comments,"Feather, Crystal",Special Stone,55.16,Gray,Yes,No,Yes,No,None,Faint,Brownish,Belgium,New York,Surat,DiamondPro,None,4f96f048,report1.pdf,report2.pdf,http://example.com/diamond,img1.jpg;img2.jpg,vid1.mp4;vid2.mp4,doc1.pdf,TradeShow2025,2025-01-15,Original,Mumbai,7e5e4fbd,True,True,No,f0208be8,Botswana,Jwaneng
5774a793,In Stock,Round,2.77,D,VS2,EX,VG,VG,None,Blue,4.35 x 7.07 x 2.14,Black,Yes,HRD,5370790875,800628,HPHT,18469.29,-9.07,6308.88,-52.77,16795.11,-21.61,61.67,56.84,Medium,Very Thick,1.71,Polished,Small,Pointed,14.33,37.91,43.6,40.96,GIA293704,No Comments,"Feather, Crystal",Special Stone,53.73,None,Yes,Yes,Yes,No,Yellow,Fancy,Brownish,Belgium,New York,Surat,CG,None,812ecea5,report1.pdf,report2.pdf,http://example.com/diamond,img1.jpg;img2.jpg,vid1.mp4;vid2.mp4,doc1.pdf,TradeShow2025,2025-01-15,Original,Mumbai,b074045a,True,True,No,e4a20c64,Botswana,Jwaneng
2d45f8fe,In Stock,Emerald,4.97,D,VS1,G,EX,VG,Faint,None,6.96 x 7.92 x 3.87,None,No,GIA,8603496366,196065,Fracture Filled,17881.01,-55.33,12729.66,-50.14,11352.81,-30.31,57.22,64.83,Thin,Very Thick,1.93,Polished,Medium,Pointed,15.05,34.91,41.84,38.86,GIA412981,No Comments,"Feather, Crystal",Special Stone,58.52,Brown,Yes,No,Yes,No,None,Fancy,None,India,Gujarat,Surat,DiamondPro,None,06c162d2,report1.pdf,report2.pdf,http://example.com/diamond,img1.jpg;img2.jpg,vid1.mp4;vid2.mp4,doc1.pdf,TradeShow2025,2025-01-15,Original,Mumbai,fc274527,True,True,No,f4bc5285,Botswana,Jwaneng
c8fa1739,Out of Stock,Oval,1.19,D,VS2,G,EX,EX,Strong,Yellow,6.69 x 8.07 x 2.62,Milky,Yes,HRD,3663240128,501592,None,12578.11,-8.35,8354.33,-5.57,10776.74,-39.81,55.25,57.95,Medium,Very Thick,4.73,Polished,None,Pointed,12.64,33.92,41.16,40.9,GIA700708,No Comments,"Feather, Crystal",Special Stone,51.17,Gray,Yes,Yes,Yes,Yes,Yellow,Intense,Brownish,Belgium,New York,Surat,DiamondPro,None,6f966332,report1.pdf,report2.pdf,http://example.com/diamond,img1.jpg;img2.jpg,vid1.mp4;vid2.mp4,doc1.pdf,TradeShow2025,2025-01-15,Original,Mumbai,b03c53a3,True,True,No,8f7774d5,Botswana,Jwaneng
b33a5b97,In Stock,Emerald,1.9,E,IF,G,EX,EX,Faint,Blue,7.66 x 7.33 x 2.75,None,Yes,HRD,8130909431,816612,HPHT,18707.61,-16.84,9274.67,-51.74,9056.83,-35.19,61.88,59.74,Thin,Thick,1.69,Faceted,None,Abraded,11.1,30.29,43.35,38.66,GIA465730,No Comments,"Feather, Crystal",Special Stone,52.96,Brown,No,Yes,Yes,No,Pink,Fancy,None,USA,Antwerp,NYC,DiamondPro,None,13948357,report1.pdf,report2.pdf,http://example.com/diamond,img1.jpg;img2.jpg,vid1.mp4;vid2.mp4,doc1.pdf,TradeShow2025,2025-01-15,Original,Mumbai,9303ee7c,True,True,No,670e5800,Botswana,Jwaneng
4e0c9047,In Stock,Emerald,1.23,E,VS2,VG,VG,VG,None,None,7.01 x 7.39 x 4.21,Black,No,GIA,8258055539,440183,Fracture Filled,9818.83,-51.08,11376.15,-5.72,9368.4,-14.61,57.65,58.82,Medium,Very Thick,3.3,Polished,Medium,Pointed,10.39,37.08,41.34,39.91,GIA634646,No Comments,"Feather, Crystal",Special Stone,53.9,Brown,Yes,Yes,Yes,No,Yellow,Faint,Brownish,India,New York,Antwerp,DiamondPro,None,f02753ea,report1.pdf,report2.pdf,http://example.com/diamond,img1.jpg;img2.jpg,vid1.mp4;vid2.mp4,doc1.pdf,TradeShow2025,2025-01-15,Original,Mumbai,5f7b1c04,True,True,No,75ef4f2b,Botswana,Jwaneng
8daedd63,Out of Stock,Round,1.09,D,IF,G,VG,EX,Medium,Blue,9.42 x 9.18 x 3.86,Milky,Yes,GIA,3327894134,864385,Fracture Filled,15876.13,-19.37,5774.02,-29.6,13727.76,-5.99,57.25,56.47,Thin,Very Thick,4.06,Faceted,Medium,Pointed,13.79,31.74,43.05,40.13,GIA687005,No Comments,"Feather, Crystal",Special Stone,57.51,Gray,No,No,Yes,Yes,None,Intense,None,Belgium,Gujarat,Antwerp,ShineBright,None,2c51e4ce,report1.pdf,report2.pdf,http://example.com/diamond,img1.jpg;img2.jpg,vid1.mp4;vid2.mp4,doc1.pdf,TradeShow2025,2025-01-15,Original,Mumbai,619f4e0e,True,True,No,f9e4678f,Botswana,Jwaneng
5b7a9d65,Out of Stock,Princess,4.07,F,VVS2,VG,EX,VG,None,Yellow,5.8 x 9.82 x 5.17,None,No,IGI,7549766098,543917,HPHT,11286.88,-36.44,3435.7,-4.22,11002.84,-22.2,61.19,60.5,Medium,Thick,3.87,Faceted,None,Pointed,12.57,30.2,43.61,39.03,GIA668434,No Comments,"Feather, Crystal",Special Stone,48.77,None,Yes,No,Yes,No,None,Fancy,None,India,New York,Surat,CG,None,bd425604,report1.pdf,report2.pdf,http://example.com/diamond,img1.jpg;img2.jpg,vid1.mp4;vid2.mp4,doc1.pdf,TradeShow2025,2025-01-15,Original,Mumbai,2b60528b,True,True,No,4d93c63e,Botswana,Jwaneng
93334bf1,In Stock,Round,2.18,D,VVS1,EX,EX,EX,Faint,Yellow,8.2 x 5.94 x 2.17,Black,Yes,IGI,9327123546,123658,None,18138.75,-3.01,10489.07,-13.78,7872.06,-13.79,56.15,60.63,Medium,Thick,1.73,Polished,None,Abraded,15.87,34.56,41.22,39.98,GIA152193,No Comments,"Feather, Crystal",Special Stone,52.56,Gray,No,Yes,Yes,No,Yellow,Faint,Brownish,Belgium,New York,NYC,CG,None,94622882,report1.pdf,report2.pdf,http://example.com/diamond,img1.jpg;img2.jpg,vid1.mp4;vid2.mp4,doc1.pdf,TradeShow2025,2025-01-15,Original,Mumbai,f4a39d17,True,True,No,ce5d8491,Botswana,Jwaneng
d3542815,Out of Stock,Round,2.7,G,VS1,G,EX,EX,Medium,Blue,4.46 x 5.46 x 5.82,Black,No,HRD,7318824202,635828,Fracture Filled,9603.01,-22.73,8311.84,-7.68,4445.55,-3.79,61.5,58.57,Medium,Thick,4.09,Polished,None,Pointed,15.45,31.8,40.87,39.01,GIA915941,No Comments,"Feather, Crystal",Special Stone,48.26,Gray,No,Yes,No,No,Pink,Fancy,Brownish,India,Antwerp,Surat,ShineBright,None,a479e298,report1.pdf,report2.pdf,http://example.com/diamond,img1.jpg;img2.jpg,vid1.mp4;vid2.mp4,doc1.pdf,TradeShow2025,2025-01-15,Original,Mumbai,300258dc,True,True,No,21fbad0e,Botswana,Jwaneng
8202db03,In Stock,Oval,0.86,G,VS2,EX,EX,EX,Faint,None,5.15 x 9.51 x 5.49,Black,No,HRD,5121445282,570389,Fracture Filled,12094.48,-38.82,10001.61,-61.9,10341.13,-0.58,63.3,58.33,Thin,Thick,3.87,Faceted,Medium,Pointed,12.59,37.2,43.56,39.99,GIA157191,No Comments,"Feather, Crystal",Special Stone,53.2,Gray,No,No,No,Yes,None,Intense,None,USA,Antwerp,Antwerp,CG,None,d5e91491,report1.pdf,report2.pdf,http://example.com/diamond,img1.jpg;img2.jpg,vid1.mp4;vid2.mp4,doc1.pdf,TradeShow2025,2025-01-15,Original,Mumbai,9ce89b2d,True,True,No,41cdf3d2,Botswana,Jwaneng
ea54f8c6,Out of Stock,Princess,4.77,D,VVS1,VG,VG,VG,None,Yellow,6.53 x 4.28 x 2.39,None,No,IGI,6965280252,435885,None,7976.96,-16.94,14602.02,-5.93,2538.77,-28.82,61.4,61.87,Thin,Thick,4.25,Polished,Medium,Abraded,14.27,30.88,41.5,41.71,GIA957689,No Comments,"Feather, Crystal",Special Stone,50.47,None,Yes,Yes,Yes,Yes,Yellow,Faint,Brownish,Belgium,Antwerp,NYC,CG,None,1bc37224,report1.pdf,report2.pdf,http://example.com/diamond,img1.jpg;img2.jpg,vid1.mp4;vid2.mp4,doc1.pdf,TradeShow2025,2025-01-15,Original,Mumbai,618abf93,True,True,No,a3b10772,Botswana,Jwaneng
58ea847b,In Stock,Emerald,4.54,D,VVS1,G,EX,VG,Strong,Blue,7.09 x 4.13 x 2.71,Black,Yes,IGI,7939263198,676419,None,16525.59,-5.98,11985.99,-38.41,5110.38,-40.55,56.75,58.85,Medium,Very Thick,1.43,Polished,Small,Abraded,14.15,32.58,43.13,40.84,GIA346462,No Comments,"Feather, Crystal",Special Stone,46.13,None,Yes,No,Yes,No,Yellow,Fancy,Brownish,Belgium,Antwerp,NYC,ShineBright,None,81b44f34,report1.pdf,report2.pdf,http://example.com/diamond,img1.jpg;img2.jpg,vid1.mp4;vid2.mp4,doc1.pdf,TradeShow2025,2025-01-15,Original,Mumbai,4ce67907,True,True,No,2699866d,Botswana,Jwaneng
e9a26bd7,In Stock,Princess,4.18,E,VVS2,VG,VG,EX,Faint,Yellow,5.94 x 7.51 x 4.61,Milky,Yes,GIA,6388819381,738491,Fracture Filled,10421.89,-49.76,13804.37,-15.85,7412.13,-0.66,61.44,58.06,Thin,Thick,2.25,Polished,Medium,Pointed,10.29,39.39,43.28,40.09,GIA196563,No Comments,"Feather, Crystal",Special Stone,50.81,Brown,Yes,No,Yes,No,None,Fancy,Brownish,USA,Gujarat,Surat,ShineBright,None,23a31748,report1.pdf,report2.pdf,http://example.com/diamond,img1.jpg;img2.jpg,vid1.mp4;vid2.mp4,doc1.pdf,TradeShow2025,2025-01-15,Original,Mumbai,08328301,True,True,No,a32afe52,Botswana,Jwaneng
f7fccd8d,In Stock,Round,4.69,F,VVS1,EX,VG,EX,None,None,7.59 x 9.26 x 4.46,None,Yes,GIA,4802587604,262286,Fracture Filled,9392.01,-26.05,11265.05,-57.4,17660.07,-5.82,61.32,56.81,Medium,Very Thick,3.95,Faceted,Small,Abraded,12.76,35.74,41.18,39.95,GIA632594,No Comments,"Feather, Crystal",Special Stone,50.64,Gray,Yes,Yes,No,Yes,Yellow,Fancy,None,India,Antwerp,NYC,DiamondPro,None,ac69d601,report1.pdf,report2.pdf,http://example.com/diamond,img1.jpg;img2.jpg,vid1.mp4;vid2.mp4,doc1.pdf,TradeShow2025,2025-01-15,Original,Mumbai,cb02227e,True,True,No,abdc5ad5,Botswana,Jwaneng
42ec6a35,Out of Stock,Round,1.08,F,VS2,VG,EX,EX,Strong,Yellow,6.65 x 6.64 x 2.45,Milky,No,HRD,3116593147,440809,Fracture Filled,16550.18,-8.34,14288.13,-5.04,7870.1,-12.35,56.53,56.76,Thin,Thick,1.32,Polished,Medium,Pointed,12.29,30.34,42.01,39.15,GIA391922,No Comments,"Feather, Crystal",Special Stone,50.28,Gray,Yes,Yes,Yes,No,Pink,Faint,None,USA,Gujarat,Surat,CG,None,af37205d,report1.pdf,report2.pdf,http://example.com/diamond,img1.jpg;img2.jpg,vid1.mp4;vid2.mp4,doc1.pdf,TradeShow2025,2025-01-15,Original,Mumbai,0dc62fbc,True,True,No,be15adeb,Botswana,Jwaneng
49fb3eb1,Out of Stock,Princess,0.64,E,VVS1,G,VG,EX,Medium,Yellow,9.69 x 9.99 x 2.99,Black,No,IGI,9705332506,175830,Fracture Filled,19782.05,-2.06,1232.36,-4.78,10969.84,-16.97,62.99,63.96,Medium,Very Thick,1.91,Faceted,Medium,Pointed,11.5,30.41,42.09,40.65,GIA652537,No Comments,"Feather, Crystal",Special Stone,53.07,Gray,Yes,No,No,No,Yellow,Intense,Brownish,India,Gujarat,Antwerp,ShineBright,None,84ee1b28,report1.pdf,report2.pdf,http://example.com/diamond,img1.jpg;img2.jpg,vid1.mp4;vid2.mp4,doc1.pdf,TradeShow2025,2025-01-15,Original,Mumbai,f8e96249,True,True,No,d7beb95b,Botswana,Jwaneng
8487e004,Out of Stock,Princess,4.45,E,IF,VG,VG,EX,Medium,Yellow,4.2 x 5.25 x 3.73,Milky,No,HRD,6487787004,963299,None,15385.06,-38.64,12930.72,-0.2,14755.3,-42.71,56.96,60.54,Thin,Very Thick,4.59,Faceted,Medium,Abraded,13.21,39.99,41.03,41.17,GIA885637,No Comments,"Feather, Crystal",Special Stone,58.59,Brown,Yes,No,No,Yes,None,Fancy,None,Belgium,Gujarat,NYC,DiamondPro,None,58d9c4ba,report1.pdf,report2.pdf,http://example.com/diamond,img1.jpg;img2.jpg,vid1.mp4;vid2.mp4,doc1.pdf,TradeShow2025,2025-01-15,Original,Mumbai,c1e75788,True,True,No,ab28128e,Botswana,Jwaneng
9148ed78,In Stock,Round,3.31,E,VS2,VG,VG,VG,Medium,None,6.19 x 9.7 x 5.87,None,Yes,IGI,1344483563,849158,None,6090.83,-33.32,13557.07,-47.68,8325.51,-31.87,59.33,57.64,Thin,Thick,3.72,Polished,Medium,Pointed,14.45,31.3,41.97,38.05,GIA293956,No Comments,"Feather, Crystal",Special Stone,52.08,None,Yes,No,No,No,Pink,Fancy,None,India,Gujarat,NYC,CG,None,38ff93a3,report1.pdf,report2.pdf,http://example.com/diamond,img1.jpg;img2.jpg,vid1.mp4;vid2.mp4,doc1.pdf,TradeShow2025,2025-01-15,Original,Mumbai,08eb87b4,True,True,No,13d789de,Botswana,Jwaneng
c37f2b5a,In Stock,Round,4.71,G,VS2,VG,EX,VG,Medium,None,5.5 x 7.85 x 3.1,Milky,Yes,IGI,9816874226,686232,None,8827.01,-4.67,6263.98,-15.85,7001.14,-48.27,58.93,60.22,Medium,Very Thick,4.98,Faceted,Medium,Pointed,11.6,37.36,40.86,41.27,GIA236550,No Comments,"Feather, Crystal",Special Stone,57.5,Gray,Yes,Yes,No,No,Pink,Faint,None,USA,Antwerp,Antwerp,ShineBright,None,f3027a84,report1.pdf,report2.pdf,http://example.com/diamond,img1.jpg;img2.jpg,vid1.mp4;vid2.mp4,doc1.pdf,TradeShow2025,2025-01-15,Original,Mumbai,8b1aec91,True,True,No,f1d47a4d,Botswana,Jwaneng
b8fabe73,Out of Stock,Princess,0.55,E,VVS2,G,EX,VG,Faint,None,5.1 x 6.79 x 5.16,Milky,Yes,IGI,3753154331,294709,HPHT,1874.13,-1.22,13884.72,-26.03,1572.9,-49.45,55.56,63.28,Medium,Thick,2.03,Polished,None,Abraded,13.55,37.48,43.94,40.22,GIA484408,No Comments,"Feather, Crystal",Special Stone,51.92,None,No,No,Yes,Yes,None,Intense,Brownish,India,New York,Surat,DiamondPro,None,8b70528c,report1.pdf,report2.pdf,http://example.com/diamond,img1.jpg;img2.jpg,vid1.mp4;vid2.mp4,doc1.pdf,TradeShow2025,2025-01-15,Original,Mumbai,5b6ddad9,True,True,No,f1288b53,Botswana,Jwaneng
bd481479,Out of Stock,Oval,4.07,D,VS2,G,EX,VG,Faint,Blue,5.75 x 8.83 x 2.71,None,No,GIA,3304600938,384092,HPHT,3632.21,-54.38,12094.04,-34.31,8491.79,-16.21,64.19,61.45,Thin,Thick,4.95,Faceted,None,Abraded,11.18,33.59,43.75,41.48,GIA813012,No Comments,"Feather, Crystal",Special Stone,45.81,Gray,Yes,No,Yes,No,Yellow,Faint,Brownish,USA,Gujarat,Antwerp,ShineBright,None,6b452566,report1.pdf,report2.pdf,http://example.com/diamond,img1.jpg;img2.jpg,vid1.mp4;vid2.mp4,doc1.pdf,TradeShow2025,2025-01-15,Original,Mumbai,951d936f,True,True,No,4974341e,Botswana,Jwaneng
619d4869,Out of Stock,Round,2.37,F,VS1,VG,EX,EX,Medium,Yellow,7.51 x 9.96 x 4.38,Black,Yes,IGI,6520507059,610609,HPHT,16715.76,-36.48,12844.44,-61.31,9570.02,-22.26,61.13,59.64,Thin,Very Thick,2.93,Faceted,None,Abraded,15.08,39.03,40.79,40.43,GIA368265,No Comments,"Feather, Crystal",Special Stone,52.05,None,Yes,Yes,No,Yes,Pink,Fancy,Brownish,India,Gujarat,Antwerp,CG,None,e5e41aa8,report1.pdf,report2.pdf,http://example.com/diamond,img1.jpg;img2.jpg,vid1.mp4;vid2.mp4,doc1.pdf,TradeShow2025,2025-01-15,Original,Mumbai,290c18b3,True,True,No,b07c20a7,Botswana,Jwaneng
